"year","netsalesusd"
2015,7370979.481828166
2016,10383613.672990397
2017,13221339.05364918
2018,24667447.8449548
2019,31818095.974795822
2020,11218435.794511039
2021,21357976.662668478
2022,44864557.20760073
2023,33108565.506859664
