"location","netsales"
"Online",20089790.845146205
"United States",6058283.9075000435
"Canada",1908438.9375420231
"Germany",1547460.8987660992
"Australia",1290408.5661823275
"United Kingdom",871944.3521132001
"Netherlands",606394.3510361282
"France",387769.8441401142
"Italy",348073.80443375
